Target_Ticker,Candidate_Ticker,Distance
BBAI,BBBI,1
BBAI,ZBAI,1
BBAI,BBAG,1
BBAI,MBAI,1
BBAI,BBAX,1
BBAI,BTAI,1
BBAI,BAI,1
BBAI,BBWI,1
BBAI,BZAI,1
BBAI,BNAI,1
BBAI,BBGI,1
BBAI,BBAR,1
BBAI,BBSI,1
BYND,BYLD,1
BYND,BLND,1
BYND,BYD,1
BYND,BAND,1
BYND,BND,1
BYND,MYND,1
BYND,BOND,1
TSLL,TSLO,1
TSLL,TSEL,1
TSLL,TSOL,1
TSLL,TSLI,1
TSLL,TOLL,1
TSLL,TBLL,1
TSLL,TSLX,1
TSLL,TSLS,1
TSLL,TSLQ,1
TSLL,TSLY,1
TSLL,TILL,1
TSLL,TSLP,1
TSLL,TSLA,1
TSLL,TSL,1
TSLL,TSLT,1
TSLL,TSLG,1
TSLL,TSLW,1
TSLL,TSLR,1
TSLL,TSLZ,1
ONDS,BNDS,1
ONDS,INDS,1
ONDS,OND,1
ONDS,ODDS,1
MWG,TWG,1
MWG,EWG,1
MWG,BWG,1
MWG,MFG,1
MWG,NWG,1
MWG,MIG,1
MWG,WMG,1
MWG,MG,1
MWG,MTG,1
MWG,MEG,1
MWG,MPG,1
MWG,MWA,1
WOK,TOK,1
WOK,WK,1
WOK,ROK,1
WOK,WLK,1
WOK,NOK,1
WOK,WMK,1
WOK,WOR,1
WOK,WOW,1
WOK,AOK,1
ASST,AUST,1
ASST,GSST,1
ASST,RSST,1
ASST,AQST,1
ASST,SST,1
ASST,ASTS,1
ASST,ASRT,1
ASST,MSST,1
ASST,AMST,1
AAL,UAL,1
AAL,CAL,1
AAL,GAL,1
AAL,AVAL,1
AAL,TAL,1
AAL,AALG,1
AAL,HAL,1
AAL,AAA,1
AAL,AAM,1
AAL,WAL,1
AAL,RAL,1
AAL,AAP,1
AAL,AHL,1
AAL,AL,1
AAL,ANL,1
AAL,ALL,1
AAL,AXL,1
AAL,AGL,1
AAL,AMAL,1
AAL,AAPL,1
AAL,AVL,1
AAL,VAL,1
AAL,DAL,1
AAL,AA,1
AAL,ARL,1
AAL,PAL,1
AAL,AFL,1
AAL,AAT,1
AAL,ABL,1
BMNR,BMN,1
BMNR,BMAR,1
BMNR,BNR,1
BMNR,BMR,1
BMNR,BANR,1
BMNR,BMRN,1
BMNR,BMNU,1
BMNR,BMNZ,1
BMNR,BMNG,1
BMNR,LMNR,1
BMNR,MNR,1
TRIB,TRI,1
TRIB,TRIN,1
TRIB,TRIL,1
TRIB,TRIO,1
TRIB,TRIP,1
TRIB,TRMB,1
NFLX,NFLP,1
NFLX,XFLX,1
NFLX,NFLT,1
NFLX,NFLW,1
NFLX,FLX,1
NFLX,NFLU,1
NFLX,NFXL,1
NFLX,OFLX,1
NFLX,NFLY,1
NFLX,MFLX,1
NFLX,JFLX,1
CGC,CGCB,1
CGC,CAC,1
CGC,CCG,1
CGC,CGV,1
CGC,PGC,1
CGC,CG,1
CGC,CGIC,1
CGC,IGC,1
CGC,CGCV,1
CGC,CMC,1
CGC,GCC,1
CGC,CRC,1
CGC,CGCP,1
CGC,CCC,1
CGC,SGC,1
CGC,CDC,1
CGC,CNC,1
CGC,CBC,1
CGC,CGW,1
CGC,KGC,1
CGC,CGO,1
CGC,CGCT,1
CGC,MGC,1
CGC,BGC,1
CGC,RGC,1
CGC,CC,1
PLTR,PLMR,1
PLTR,PLTD,1
PLTR,PLTY,1
PLTR,PLUR,1
PLTR,KLTR,1
PLTR,PLTU,1
PLTR,PLDR,1
PLTR,PMTR,1
PLTR,PLTA,1
PLTR,FLTR,1
PLTR,DLTR,1
PLTR,PLTM,1
PLTR,PLTI,1
PLTR,PLTS,1
PLTR,PLT,1
PLTR,PLTZ,1
PLTR,PLTW,1
PLTR,PLTG,1
PLTR,PLTK,1
PLTR,GLTR,1
PLTR,PSTR,1
CMCSA,CMSA,1
CMCSA,CMCSV,1
BAC,CAC,1
BAC,BRC,1
BAC,BAX,1
BAC,DAC,1
BAC,BAP,1
BAC,BA,1
BAC,BOC,1
BAC,BBC,1
BAC,BAH,1
BAC,SBAC,1
BAC,IAC,1
BAC,RAC,1
BAC,BAB,1
BAC,BAM,1
BAC,BAK,1
BAC,NAC,1
BAC,BSAC,1
BAC,BANC,1
BAC,BAR,1
BAC,BXC,1
BAC,BVC,1
BAC,BHC,1
BAC,BNC,1
BAC,BTC,1
BAC,BAI,1
BAC,BFC,1
BAC,PAC,1
BAC,MAC,1
BAC,BC,1
BAC,BDC,1
BAC,LAC,1
BAC,BCC,1
BAC,VAC,1
BAC,TAC,1
BAC,IBAC,1
BAC,BACQ,1
BAC,BACC,1
BAC,BGC,1
ORCL,ORCU,1
ORCL,CRCL,1
ORCL,ORCX,1
ORCL,RCL,1
ORCL,OMCL,1
ORCL,ORCS,1
ORCL,ORC,1
GRAB,GRAL,1
GRAB,GRAN,1
GRAB,GRAG,1
GRAB,GAB,1
GRAB,GRABW,1
GRAB,GMAB,1
GRAB,GRNB,1
GRAB,GBAB,1
GRAB,GRAF,1
NIO,NIU,1
NIO,NITO,1
NIO,NIC,1
NIO,KIO,1
NIO,HIO,1
NIO,BIO,1
NIO,NIM,1
NIO,NRO,1
NIO,NPO,1
NIO,NIQ,1
NIO,INO,1
NIO,NIOG,1
NIO,AIO,1
NIO,NVO,1
NIO,NI,1
NIO,NIE,1
NIO,CIO,1
NIO,NEO,1
NIO,SIO,1
NIO,RIO,1
NIO,PIO,1
NU,NIU,1
NU,SU,1
NU,NUV,1
NU,NC,1
NU,NN,1
NU,U,1
NU,NUW,1
NU,NUE,1
NU,EU,1
NU,NL,1
NU,BU,1
NU,MU,1
NU,LU,1
NU,WU,1
NU,NI,1
NU,NEU,1
NU,AU,1
NU,NG,1
NU,NE,1
NU,NUS,1
NU,NB,1
NU,TU,1
NU,NUG,1
NU,NX,1
NU,NP,1
GOOGL,GOOG,1
RXRX,LXRX,1
RXRX,RHRX,1
RXRX,RPRX,1
RXRX,RRX,1
RXRX,XRX,1
AMD,AMG,1
AMD,ADM,1
AMD,AMDG,1
AMD,AOMD,1
AMD,AMID,1
AMD,AMDY,1
AMD,AMS,1
AMD,AGD,1
AMD,MMD,1
AMD,AOD,1
AMD,EMD,1
AMD,MD,1
AMD,AD,1
AMD,AMDL,1
AMD,VMD,1
AMD,APD,1
AMD,AM,1
AMD,AEMD,1
AMD,AMX,1
AMD,AMT,1
AMD,AMP,1
AMD,AMDD,1
AMD,AIMD,1
AMD,AMTD,1
AMD,RMD,1
AMD,AMN,1
AMD,AMZD,1
AMD,AMOD,1
AMD,AMWD,1
AMD,AMDW,1
AMD,AVD,1
AMD,AMH,1
AMD,AMDU,1
AMD,AMC,1
AMD,AMR,1
AMD,AME,1
AMD,DAMD,1
AMD,BAMD,1
RIG,SIG,1
RIG,JIG,1
RIG,EIG,1
RIG,CIG,1
RIG,RNG,1
RIG,RING,1
RIG,ROG,1
RIG,QIG,1
RIG,AIG,1
RIG,RCG,1
RIG,REG,1
RIG,MIG,1
RIG,RZG,1
RIG,FIG,1
RIG,HIG,1
RIG,RPG,1
RIG,RSG,1
RIG,RIV,1
RIG,IG,1
RIG,VRIG,1
RIG,RFG,1
RIG,RIGS,1
RIG,VIG,1
RIG,RIO,1
RIG,DIG,1
RIG,ZIG,1
RIG,RIGL,1
RIG,GIG,1
PATH,PATN,1
PATH,PACH,1
PATH,PTH,1
PATH,MATH,1
PATH,NATH,1
PATH,PRTH,1
PATH,CATH,1
PATH,PATK,1
WMT,WCT,1
WMT,WIT,1
WMT,WTM,1
WMT,WM,1
WMT,WMB,1
WMT,WST,1
WMT,WMTI,1
WMT,KMT,1
WMT,RMT,1
WMT,WMG,1
WMT,WAT,1
WMT,WMK,1
WMT,PMT,1
WMT,CMT,1
WMT,YMT,1
WMT,AMT,1
WMT,MMT,1
WMT,MT,1
WMT,WMS,1
WMT,WT,1
WMT,NMT,1
WMT,LMT,1
IONQ,IONL,1
IONQ,IONZ,1
IONQ,IONS,1
IONQ,IONR,1
IONQ,ION,1
IONQ,IONX,1
C,CW,1
C,LC,1
C,CA,1
C,S,1
C,CG,1
C,NC,1
C,CD,1
C,H,1
C,M,1
C,E,1
C,Q,1
C,PC,1
C,U,1
C,G,1
C,CL,1
C,J,1
C,CP,1
C,RC,1
C,OC,1
C,Z,1
C,VC,1
C,TC,1
C,EC,1
C,MC,1
C,A,1
C,KC,1
C,CI,1
C,DC,1
C,R,1
C,T,1
C,XC,1
C,BC,1
C,CX,1
C,L,1
C,CB,1
C,CF,1
C,V,1
C,CV,1
C,CE,1
C,O,1
C,D,1
C,W,1
C,CM,1
C,CR,1
C,B,1
C,F,1
C,FC,1
C,CC,1
FXI,FPI,1
FXI,FXL,1
FXI,PXI,1
FXI,FXR,1
FXI,FAI,1
FXI,FXO,1
FXI,FXC,1
FXI,FTI,1
FXI,FSI,1
FXI,KXI,1
FXI,FXE,1
FXI,YXI,1
FXI,FXP,1
FXI,HFXI,1
FXI,XXI,1
FXI,FXH,1
FXI,FXD,1
FXI,SXI,1
FXI,FXB,1
FXI,FRI,1
FXI,FXF,1
FXI,UXI,1
FXI,FXU,1
FXI,FXN,1
FXI,RXI,1
FXI,FPXI,1
FXI,MXI,1
FXI,FXA,1
FXI,EXI,1
FXI,FIX,1
FXI,FGI,1
FXI,FXG,1
FXI,JXI,1
FXI,FXZ,1
FXI,FHI,1
FXI,FXY,1
VEA,DEA,1
VEA,VEU,1
VEA,VEL,1
VEA,VEGA,1
VEA,VRA,1
VEA,EEA,1
VEA,EA,1
VEA,SEA,1
VEA,WEA,1
VEA,VERA,1
VEA,LEA,1
VEA,VEEA,1
VEA,VIA,1
VEA,VET,1
VEA,NEA,1
VEA,VSA,1
META,QETA,1
META,MTA,1
META,ZETA,1
META,MET$A,1
META,METV,1
META,MEHA,1
META,MEMA,1
META,MCTA,1
META,METU,1
META,METD,1
META,BETA,1
META,METC,1
META,METW,1
META,MET,1
META,METL,1
AUR,AURU,1
AUR,ACR,1
AUR,BUR,1
AUR,LAUR,1
AUR,ABR,1
AUR,AURA,1
AUR,AER,1
AUR,ASR,1
AUR,AHR,1
AUR,AURE,1
AUR,AOR,1
AUR,AWR,1
AUR,MUR,1
AUR,ADUR,1
AUR,AKR,1
AUR,ATR,1
AUR,AVR,1
AUR,AXR,1
AUR,AIR,1
AUR,AU,1
AUR,ASUR,1
AUR,AUB,1
AUR,ALUR,1
AUR,AR,1
AUR,AMR,1
AUR,TUR,1
AUR,ARR,1
MRK,MRT,1
MRK,MRM,1
MRK,MRBK,1
MRK,PRK,1
MRK,MRP,1
MRK,NMRK,1
MRK,NRK,1
MRK,MCK,1
MRK,MRSK,1
MRK,MGK,1
MRK,MRX,1
MRK,CRK,1
MRK,MHK,1
MRK,KMRK,1
MRK,MRKR,1
XOM,COM,1
XOM,ROM,1
XOM,XOMZ,1
XOM,XOP,1
XOM,XOMO,1
XOM,XOMA,1
XOM,OM,1
XOM,POM,1
XOM,XOS,1
XOM,OXM,1
XOM,NOM,1
XOM,XOMX,1
XOM,AOM,1
HBAN,HBANP,1
HBAN,HBANM,1
HBAN,CBAN,1
HBAN,HBANL,1
VG,VUG,1
VG,ZG,1
VG,VB,1
VG,SG,1
VG,CG,1
VG,NVG,1
VG,VGT,1
VG,VGZ,1
VG,VV,1
VG,PG,1
VG,UG,1
VG,G,1
VG,VPG,1
VG,HG,1
VG,VT,1
VG,FG,1
VG,MG,1
VG,BG,1
VG,VC,1
VG,AG,1
VG,VO,1
VG,GV,1
VG,VGI,1
VG,IG,1
VG,DG,1
VG,VTG,1
VG,VZ,1
VG,NG,1
VG,VGM,1
VG,V,1
VG,VS,1
VG,VGK,1
VG,TG,1
VG,VIG,1
VG,KG,1
VG,EVG,1
VG,JG,1
VG,EG,1
OCG,BCG,1
OCG,CCG,1
OCG,OCS,1
OCG,CG,1
OCG,RCG,1
OCG,OSCG,1
OCG,OFG,1
OCG,OC,1
OCG,FCG,1
OCG,OCC,1
OCG,ECG,1
OCG,ICG,1
OCG,PCG,1
OCG,OSG,1
OCG,OCGN,1
PYPL,PPL,1
PYPL,PAPL,1
PYPL,PYPD,1
PYPL,PRPL,1
PYPL,PYPY,1
PYPL,PYPG,1
AVTR,ATTR,1
AVTR,AZTR,1
AVTR,AVT,1
AVTR,AVTX,1
AVTR,EVTR,1
AVTR,ATR,1
AVTR,AVR,1
AVTR,VTR,1
AVTR,AVIR,1
MDLN,MOLN,1
MDLN,MDLV,1
MDLN,MILN,1
MDLN,MDLZ,1
MDLN,MLN,1
MDLN,DLN,1
LRCX,ORCX,1
LRCX,ARCX,1
LRCX,LRCU,1
GFS,PFS,1
GFS,GS,1
GFS,GJS,1
GFS,GNS,1
GFS,GFF,1
GFS,VFS,1
GFS,GRFS,1
GFS,GFL,1
GFS,GFI,1
GFS,IFS,1
GFS,GIS,1
GFS,OFS,1
GFS,GDS,1
GFS,LFS,1
GFS,BFS,1
GFS,GF,1
GFS,GES,1
GFS,KFS,1
GFS,GFR,1
VICI,VIDI,1
VICI,VACI,1
VICI,VIGI,1
VICI,VICR,1
VICI,VICE,1
TLRY,GLRY,1
TLRY,THRY,1
LUMN,HUMN,1
LUMN,LIMN,1
IAUX,IAUG,1
IAUX,IAU,1
IAUX,IAUM,1
IAUX,IMUX,1
IAUX,IAUI,1
ITUB,STUB,1
ITUB,IDUB,1
ITUB,ITDB,1
ITUB,ITB,1
KDP,SDP,1
KDP,FDP,1
KDP,CDP,1
KDP,ADP,1
KDP,PDP,1
KDP,KEP,1
KDP,KRP,1
KDP,KDK,1
KDP,LDP,1
KDP,KOP,1
KDP,KD,1
RIOT,IOT,1
RIOT,RBOT,1
RIOT,RINT,1
RIOT,ROOT,1
RIOT,RIET,1
RIOT,VIOT,1
RIOT,AIOT,1
RIOT,RIO,1
RIOT,RIOX,1
CLF,LCF,1
CLF,SLF,1
CLF,CLH,1
CLF,CLS,1
CLF,CIF,1
CLF,CLX,1
CLF,CALF,1
CLF,XLF,1
CLF,CL,1
CLF,CAF,1
CLF,CMF,1
CLF,CEF,1
CLF,ALF,1
CLF,COF,1
CLF,CNF,1
CLF,ILF,1
CLF,CPF,1
CLF,CLW,1
CLF,CLFD,1
CLF,CRF,1
CLF,CF,1
CLF,ELF,1
CLF,CLM,1
CLF,CLB,1
CLF,HLF,1
CLF,TLF,1
YYGH,HYGH,1
NVTS,NVT,1
NVTS,NVDS,1
NVTS,NVST,1
NVTS,NVTX,1
NVTS,NVS,1
NVTS,VTS,1
NVTS,NSTS,1
NVTS,NVGS,1
AMCI,TMCI,1
AMCI,MACI,1
AMCI,MCI,1
AMCI,AMCX,1
AMCI,SMCI,1
AMCI,ACI,1
AMCI,AMCR,1
AMCI,ASCI,1
AMCI,AMC,1
AMCI,CMCI,1
EQX,EIX,1
EQX,EQT,1
EQX,ETX,1
EQX,EVX,1
EQX,EQ,1
EQX,EFX,1
EQX,EQS,1
EQX,EEX,1
EQX,EQL,1
EQX,ECX,1
EQX,EQR,1
EQX,ERX,1
EQX,EQIX,1
EQX,EQH,1
EQX,EWX,1
JPM,PM,1
JPM,JPEM,1
JPM,APM,1
JPM,JPME,1
JPM,WPM,1
JPM,RPM,1
JPM,JEM,1
JPM,JPMB,1
JPM,JPC,1
JPM,JPY,1
JPM,JSM,1
JPM,JMM,1
JPM,JPMO,1
JPM,EPM,1
JPM,IPM,1
PFSA,TFSA,1
PFSA,PFS,1
PFSA,PCSA,1
PFSA,PFSI,1
PFSA,PSA,1
PFSA,PFFA,1
KMI,UMI,1
KMI,BMI,1
KMI,KMB,1
KMI,MMI,1
KMI,KXI,1
KMI,KIM,1
KMI,OMI,1
KMI,VMI,1
KMI,KMT,1
KMI,KMX,1
KMI,RMI,1
KMI,KMID,1
KMI,PMI,1
KMI,NMI,1
KMI,MI,1
KMI,KAI,1
KMI,KMLI,1
KMI,CMI,1
SILJ,SILA,1
SILJ,SIL,1
SILJ,SIXJ,1
SILJ,SIJ,1
SILJ,SILC,1
SILJ,SILO,1
ASBP,ASBA,1
ASBP,AVBP,1
ASBP,ASB,1
ASBP,AMBP,1
ASBP,ABP,1
ASBP,ASBPW,1
FISV,FIS,1
FISV,FISI,1
FISV,FINV,1
FISV,FSV,1
FISV,FISK,1
FISV,FISR,1
FISV,DISV,1
PGEN,TGEN,1
PGEN,GEN,1
PGEN,OGEN,1
PGEN,AGEN,1
PGEN,RGEN,1
PGEN,PTEN,1
PGEN,QGEN,1
PGEN,FGEN,1
PGEN,CGEN,1
PGEN,PEN,1
CNH,CNQ,1
CNH,CNA,1
CNH,CLH,1
CNH,CNI,1
CNH,CNS,1
CNH,CNO,1
CNH,UNH,1
CNH,CWH,1
CNH,CAH,1
CNH,CYH,1
CNH,CNF,1
CNH,CNL,1
CNH,CRH,1
CNH,CNR,1
CNH,CNP,1
CNH,CNM,1
CNH,CNC,1
CNH,BNH,1
CNH,CHH,1
CNH,CXH,1
CNH,CNX,1
CNH,CNK,1
KEY,KEN,1
KEY,KFY,1
KEY,KE,1
KEY,KEP,1
KEY,WKEY,1
KEY,KEYS,1
KEY,KEX,1
KEY,PEY,1
MSTU,MST,1
MSTU,MSTI,1
MSTU,MSTZ,1
MSTU,MSTK,1
MSTU,MSTX,1
MSTU,MSTQ,1
MSTU,METU,1
MSTU,MSTP,1
MSTU,MSTB,1
MSTU,MSTW,1
MSTU,MSFU,1
MSTU,MSTY,1
MSTU,MSTR,1
DOC,DOCN,1
DOC,VOC,1
DOC,DAC,1
DOC,DXC,1
DOC,BOC,1
DOC,DOCS,1
DOC,DOX,1
DOC,ODC,1
DOC,DOW,1
DOC,OC,1
DOC,DOV,1
DOC,DEC,1
DOC,DDC,1
DOC,DC,1
DOC,DON,1
DOC,DOL,1
DOC,DOO,1
DOC,DGOC,1
DOC,NOC,1
DOC,DCO,1
DOC,DHC,1
DOC,DOCU,1
DOC,DOG,1
DOC,DOCT,1
DOC,SOC,1
DOC,GDOC,1
DOC,TDOC,1
DOC,JDOC,1
DOC,DBC,1
OMER,OMEX,1
OMER,OPER,1
GAP,GAL,1
GAP,ZAP,1
GAP,BAP,1
GAP,GAB,1
GAP,GP,1
GAP,AAP,1
GAP,GAM,1
GAP,GAPR,1
GAP,GJP,1
GAP,GAU,1
GAP,GOP,1
GAP,AP,1
GAP,GAA,1
GAP,SAP,1
GAP,GARP,1
GAP,HAP,1
GAP,GLP,1
GAP,TAP,1
SCHH,STHH,1
SCHH,SCHV,1
SCHH,SCHQ,1
SCHH,SCHC,1
SCHH,SCHD,1
SCHH,SCHJ,1
SCHH,SCHB,1
SCHH,SCHP,1
SCHH,SCHZ,1
SCHH,SCHG,1
SCHH,SCHW,1
SCHH,SCHL,1
SCHH,CCHH,1
SCHH,SCHM,1
SCHH,SCHF,1
SCHH,SCHX,1
SCHH,CHH,1
SCHH,SCHI,1
SCHH,SCHA,1
SCHH,SCHY,1
SCHH,SCHO,1
SCHH,SCHR,1
SCHH,SCHK,1
SCHH,SCHE,1
HTZ,HTO,1
HTZ,STZ,1
HTZ,HTH,1
HTZ,BTZ,1
HTZ,HTB,1
HTZ,NTZ,1
HTZ,HTT,1
HTZ,UTZ,1
HTZ,MTZ,1
HTZ,HTD,1
PTEN,MTEN,1
PTEN,PGEN,1
PTEN,ZTEN,1
PTEN,GTEN,1
PTEN,PTON,1
PTEN,STEN,1
PTEN,UTEN,1
PTEN,PTEU,1
PTEN,PTN,1
PTEN,ATEN,1
PTEN,PEN,1
PTEN,PTIN,1
PTEN,XTEN,1
PTEN,PTRN,1
PTEN,TEN,1
PBM,PM,1
PBM,PBD,1
PBM,PBF,1
PBM,PDM,1
PBM,PHM,1
PBM,PBI,1
PBM,PBR,1
PBM,PBMY,1
PBM,PRM,1
PBM,ABM,1
PBM,PMM,1
PBM,PAM,1
PBM,PBT,1
PBM,PIM,1
PBM,PBA,1
PBM,PUBM,1
PBM,IBM,1
PBM,PBP,1
PBM,POM,1
PBM,PBMR,1
PBM,PBE,1
PBM,PB,1
PBM,PBL,1
PBM,HBM,1
PBM,PFM,1
PBM,PBW,1
PBM,PBH,1
PBM,PCM,1
PBM,PBJ,1
ELOG,EOG,1
ELOG,EDOG,1
ACI,ACIC,1
ACI,ACWI,1
ACI,ACIO,1
ACI,ACR,1
ACI,AWI,1
ACI,API,1
ACI,ACM,1
ACI,DCI,1
ACI,VACI,1
ACI,ACV,1
ACI,ACIW,1
ACI,AGI,1
ACI,BCI,1
ACI,ATI,1
ACI,AI,1
ACI,ACU,1
ACI,ABI,1
ACI,MACI,1
ACI,PCI,1
ACI,MCI,1
ACI,ACEI,1
ACI,RCI,1
ACI,JCI,1
ACI,ACB,1
ACI,AII,1
ACI,TCI,1
ACI,AMCI,1
ACI,ACA,1
ACI,ACII,1
ACI,ACSI,1
ACI,ARI,1
ACI,HCI,1
ACI,NCI,1
ACI,ACT,1
ACI,CI,1
ACI,ADI,1
ACI,ASCI,1
ACI,CAI,1
ACI,CACI,1
ACI,AZI,1
ACI,ACN,1
ACI,AYI,1
ACI,CCI,1
ACI,SCI,1
ACI,ACIU,1
ACI,ACP,1
ACI,AEI,1
FAST,FAS,1
FAST,FRST,1
FAST,FMST,1
FAST,FAT,1
FAST,FACT,1
BKLN,BRLN,1
BKLN,BKN,1
BKLN,BLLN,1
BKLN,BKLC,1
SCHG,SCHH,1
SCHG,SHG,1
SCHG,SCHV,1
SCHG,SCHQ,1
SCHG,SCHC,1
SCHG,SCHD,1
SCHG,SCHJ,1
SCHG,SCCG,1
SCHG,SCHB,1
SCHG,SCHP,1
SCHG,SCHZ,1
SCHG,XCHG,1
SCHG,SCHW,1
SCHG,SCHL,1
SCHG,SCHM,1
SCHG,SCHF,1
SCHG,SCHX,1
SCHG,SFHG,1
SCHG,SCHI,1
SCHG,SCHA,1
SCHG,SCHY,1
SCHG,SCHO,1
SCHG,SCHR,1
SCHG,SCHK,1
SCHG,SCHE,1
SCHG,SCAG,1
GIS,FIS,1
GIS,GFS,1
GIS,GIB,1
GIS,GS,1
GIS,GJS,1
GIS,GNS,1
GIS,GIW,1
GIS,DIS,1
GIS,OIS,1
GIS,VIS,1
GIS,BIS,1
GIS,GIC,1
GIS,GDS,1
GIS,GII,1
GIS,QIS,1
GIS,EIS,1
GIS,UIS,1
GIS,GES,1
GIS,GITS,1
GIS,GIG,1
GIS,AIS,1
GIS,GIL,1
DVN,DVY,1
DVN,DAN,1
DVN,DVA,1
DVN,DVDN,1
DVN,DVND,1
DVN,DIVN,1
DVN,DRVN,1
DVN,DIN,1
DVN,EVN,1
DVN,DON,1
DVN,DYN,1
DVN,DVIN,1
DVN,BVN,1
DVN,DNN,1
DVN,DRN,1
DVN,DV,1
DVN,FVN,1
DVN,DVS,1
DVN,DLN,1
XEL,TEL,1
XEL,XPEL,1
XEL,XPL,1
XEL,VEL,1
XEL,XELB,1
XEL,XES,1
XEL,GEL,1
XEL,EL,1
XEL,XTL,1
XEL,EXEL,1
XEL,XLE,1
XEL,XYL,1
XEL,XWEL,1
XEL,XEML,1
BAX,BAP,1
BAX,BABX,1
BAX,BA,1
BAX,BANX,1
BAX,BAH,1
BAX,BSX,1
BAX,BDX,1
BAX,BGX,1
BAX,BMAX,1
BAX,BOX,1
BAX,TAX,1
BAX,BAB,1
BAX,MAX,1
BAX,DAX,1
BAX,BAM,1
BAX,BAC,1
BAX,BAK,1
BAX,BCAX,1
BAX,BCX,1
BAX,BAR,1
BAX,BLX,1
BAX,AX,1
BAX,BX,1
BAX,BBAX,1
BAX,BAI,1
BAX,BTX,1
BAX,BWX,1
BAX,BRX,1
BAX,PAX,1
BAX,BEX,1
BAX,FAX,1
PM,PY,1
PM,APM,1
PM,PML,1
PM,EM,1
PM,PDM,1
PM,TM,1
PM,PD,1
PM,PHM,1
PM,PK,1
PM,WPM,1
PM,M,1
PM,PH,1
PM,RPM,1
PM,RM,1
PM,PRM,1
PM,PC,1
PM,GM,1
PM,PMM,1
PM,PAM,1
PM,PG,1
PM,WM,1
PM,PMN,1
PM,PW,1
PM,PIM,1
PM,PN,1
PM,PBM,1
PM,PMO,1
PM,OM,1
PM,JPM,1
PM,POM,1
PM,PX,1
PM,PMT,1
PM,AM,1
PM,ZM,1
PM,MP,1
PM,SM,1
PM,PB,1
PM,PI,1
PM,PFM,1
PM,PMI,1
PM,PCM,1
PM,CM,1
PM,PL,1
PM,PT,1
PM,EPM,1
PM,PR,1
PM,IPM,1
ETH,ETJ,1
ETH,ETHZ,1
ETH,ETX,1
ETH,ETU,1
ETH,ETHW,1
ETH,ETV,1
ETH,EHTH,1
ETH,BETH,1
ETH,QETH,1
ETH,EWH,1
ETH,FETH,1
ETH,ETHD,1
ETH,ETR,1
ETH,AETH,1
ETH,EVH,1
ETH,ETHT,1
ETH,ETG,1
ETH,ETW,1
ETH,ERH,1
ETH,KTH,1
ETH,ETHE,1
ETH,HTH,1
ETH,ECH,1
ETH,EH,1
ETH,YETH,1
ETH,PTH,1
ETH,LTH,1
ETH,RTH,1
ETH,SETH,1
ETH,ETB,1
ETH,ETHA,1
ETH,ETHI,1
ETH,OTH,1
ETH,ET,1
ETH,ETO,1
ETH,IETH,1
ETH,ETS,1
ETH,WETH,1
ETH,ETY,1
ETH,ETN,1
ETH,ETHO,1
ETH,ETHU,1
ETH,EQH,1
ETH,ERTH,1
ETH,ETD,1
ETH,TETH,1
ETH,TH,1
ETH,MTH,1
ETH,EJH,1
ETH,ETHV,1
ETH,EETH,1
ETH,ETQ,1
ETH,ETHM,1
ETH,DTH,1
OSCR,OSUR,1
OSCR,OSCV,1
OSCR,OSCG,1
OSCR,BSCR,1
OSCR,OSCX,1
OSCR,NSCR,1
COIN,COHN,1
COIN,COII,1
COIN,COIG,1
COIN,COIW,1
COIN,COIO,1
COIN,CION,1
COIN,CORN,1
COIN,COIA,1
COIN,CONI,1
COIN,CON,1
MSTZ,MST,1
MSTZ,STZ,1
MSTZ,MSTI,1
MSTZ,MSTU,1
MSTZ,MSTK,1
MSTZ,MSTX,1
MSTZ,MSTQ,1
MSTZ,MSTP,1
MSTZ,MSTB,1
MSTZ,MSTW,1
MSTZ,BSTZ,1
MSTZ,MSTY,1
MSTZ,MTZ,1
MSTZ,MSTR,1
SCHF,SCHH,1
SCHF,SCHV,1
SCHF,SCHQ,1
SCHF,SCHC,1
SCHF,SCHD,1
SCHF,SCHJ,1
SCHF,SCHB,1
SCHF,SCHP,1
SCHF,SCHZ,1
SCHF,SCHG,1
SCHF,SCHW,1
SCHF,SCHL,1
SCHF,SCHM,1
SCHF,SCHX,1
SCHF,SCHI,1
SCHF,SCHA,1
SCHF,SCHY,1
SCHF,SCHO,1
SCHF,SCHR,1
SCHF,SCHK,1
SCHF,SCHE,1
SCHF,SCCF,1
PAAS,PAA,1
PAAS,PAAA,1
PAAS,POAS,1
PAAS,YAAS,1
PAAS,NAAS,1
PAAS,PACS,1
PAAS,PAXS,1
PAAS,PAGS,1
PAAS,PAYS,1
PAAS,PAVS,1
PAAS,MAAS,1
PAAS,CAAS,1
CRCG,CCG,1
CRCG,CRWG,1
CRCG,RCG,1
CRCG,CRCA,1
CRCG,CRCL,1
CRCG,CRMG,1
CRCG,CRC,1
CRCG,CRBG,1
CRCG,CREG,1
CRCG,CLCG,1
CRCG,CRCO,1
CRCG,CRCT,1
CRCG,CNCG,1
CRCG,CRCD,1
AGG,AMG,1
AGG,AGH,1
AGG,AGGH,1
AGG,AVGG,1
AGG,AGGY,1
AGG,ALG,1
AGG,EGG,1
AGG,AGQ,1
AGG,AGI,1
AGG,AIG,1
AGG,AGGS,1
AGG,IAGG,1
AGG,GGG,1
AGG,AGZ,1
AGG,TAGG,1
AGG,AGD,1
AGG,AEG,1
AGG,AXG,1
AGG,AGX,1
AGG,AGIG,1
AGG,AGGA,1
AGG,AG,1
AGG,XAGG,1
AGG,AGL,1
AGG,AGO,1
AGG,AHG,1
AGG,NGG,1
AGG,MAGG,1
AGG,ASG,1
AGG,APG,1
AGG,EAGG,1
AGG,AFG,1
AGG,ABG,1
AGG,AJG,1
AGG,AGNG,1
AGG,AGM,1
APH,APO,1
APH,TPH,1
APH,AGH,1
APH,APM,1
APH,API,1
APH,ALH,1
APH,AMPH,1
APH,PH,1
APH,AHH,1
APH,FPH,1
APH,AUPH,1
APH,ASH,1
APH,PPH,1
APH,APT,1
APH,SPH,1
APH,APD,1
APH,SAPH,1
APH,XPH,1
APH,AP,1
APH,APG,1
APH,AMH,1
APH,APP,1
APH,APA,1
APH,APRH,1
APH,BPH,1
PACB,PAB,1
PACB,PCB,1
PACB,AACB,1
PACB,APCB,1
PACB,ACB,1
PACB,PACH,1
PACB,PACS,1
PACB,PICB,1
PACB,PACK,1
PACB,PMCB,1
PACB,PAC,1
PACB,PPCB,1
CCC,CAC,1
CCC,SCC,1
CCC,CCG,1
CCC,CGC,1
CCC,CCJ,1
CCC,ECCC,1
CCC,BCCC,1
CCC,ICCC,1
CCC,CMC,1
CCC,CCO,1
CCC,GCC,1
CCC,RCC,1
CCC,CCU,1
CCC,OCC,1
CCC,UCC,1
CCC,WCC,1
CCC,CRC,1
CCC,HCC,1
CCC,ECC,1
CCC,CDC,1
CCC,CCS,1
CCC,CACC,1
CCC,CCZ,1
CCC,CCL,1
CCC,CNC,1
CCC,CBC,1
CCC,CCB,1
CCC,CCM,1
CCC,XCCC,1
CCC,CCD,1
CCC,CCEC,1
CCC,CCCX,1
CCC,BCC,1
CCC,CCCC,1
CCC,CCI,1
CCC,CCK,1
CCC,LCCC,1
CCC,CC,1
INVZ,INVG,1
INVZ,INVH,1
INVZ,INVE,1
INVZ,IDVZ,1
INVZ,INTZ,1
INVZ,INVZW,1
INVZ,IVZ,1
INVZ,INVN,1
INVZ,INVX,1
INVZ,INVA,1
INVZ,INV,1
VXX,VVX,1
VXX,JXX,1
VXX,VYX,1
VXX,VOX,1
VXX,VXF,1
VXX,VXZ,1
VXX,AVXX,1
BABA,BABX,1
BABA,BAYA,1
BABA,BAMA,1
BABA,BABO,1
BABA,BAB,1
BABA,QABA,1
BABA,CABA,1
BABA,BA$A,1
BABA,BABW,1
BABA,SABA,1
WMB,WMT,1
WMB,KMB,1
WMB,WB,1
WMB,FMB,1
WMB,WM,1
WMB,WAB,1
WMB,EMB,1
WMB,DMB,1
WMB,WMG,1
WMB,MB,1
WMB,WMK,1
WMB,WRB,1
WMB,LMB,1
WMB,WMSB,1
WMB,WMS,1
WMB,TMB,1
WMB,SMB,1
WMB,NMB,1
ORLY,RLY,1
ORLY,OTLY,1
ORLY,OVLY,1
ORLY,ORLA,1
AES,LAES,1
AES,AER,1
AES,XES,1
AES,AVS,1
AES,AEO,1
AES,AMS,1
AES,AXS,1
AES,DES,1
AES,AEF,1
AES,AEP,1
AES,ATS,1
AES,AEG,1
AES,AEIS,1
AES,AEC,1
AES,AOS,1
AES,WES,1
AES,AEE,1
AES,EES,1
AES,AS,1
AES,AVES,1
AES,AEM,1
AES,RES,1
AES,SES,1
AES,AESI,1
AES,AESR,1
AES,GES,1
AES,ACES,1
AES,ES,1
AES,AEMS,1
AES,ARES,1
AES,AIS,1
AES,AEI,1
NAK,NOK,1
NAK,BAK,1
NAK,NAC,1
NAK,NRK,1
NAK,DAK,1
NAK,NAT,1
NAK,NAZ,1
NAK,NAD,1
NAK,TAK,1
NAK,NPK,1
NAK,NAN,1
NAK,NAKA,1
NAK,IAK,1
ARM,ARP,1
ARM,ADM,1
ARM,ARB,1
ARM,APM,1
ARM,MRM,1
ARM,ACM,1
ARM,ALM,1
ARM,ARMN,1
ARM,ARCM,1
ARM,RM,1
ARM,PRM,1
ARM,ABM,1
ARM,MARM,1
ARM,AFRM,1
ARM,AAM,1
ARM,ARE,1
ARM,ALRM,1
ARM,ARI,1
ARM,FARM,1
ARM,AM,1
ARM,ARMK,1
ARM,ARMH,1
ARM,ARMW,1
ARM,ARW,1
ARM,AEM,1
ARM,IRM,1
ARM,ASM,1
ARM,ARX,1
ARM,ARMG,1
ARM,ARQ,1
ARM,ARL,1
ARM,AR,1
ARM,VRM,1
ARM,ARMU,1
ARM,AMR,1
ARM,ARR,1
ARM,ARMP,1
ARM,CRM,1
ARM,AOM,1
ARM,AIM,1
ARM,AGM,1
JPST,UPST,1
JPST,JUST,1
JPST,JPSE,1
JPST,PST,1
JPST,TPST,1
JPST,DPST,1
JPST,CPST,1
JPST,JPSV,1
JPST,IPST,1
JPST,JDST,1
JPST,JMST,1
